createdAt,visibility,description,postId,userId
2024-01-16T13:26:57.530000000Z,public,post 1,3576578986703872,3575196306681856
2024-01-16T13:26:57.530000000Z,public,post 2,3576578986703873,3575196306681856
2024-01-16T13:26:57.530000000Z,public,post 3,3576578986703874,3575196306681856
2024-01-16T13:26:57.530000000Z,public,post 4,3576578986703875,3575196306681856
2024-01-16T13:26:57.530000000Z,public,post 5,3576578986703876,3575196306681856
2024-01-16T13:26:57.530000000Z,public,post 6,3576578986703877,3575196306681856
2024-01-16T13:26:57.530000000Z,public,post 7,3576578986703878,3575196306681856
2024-01-16T13:26:57.530000000Z,public,post 8,3576578986703879,3575196306681856
2024-01-16T13:26:57.530000000Z,public,post 9,3576578986703880,3575196306681856
2024-01-16T13:26:57.530000000Z,public,post 10,3576578986703881,3575196306681856
2024-01-16T13:26:57.530000000Z,public,post 11,3576578986703882,3575196306681856
2024-01-16T13:26:57.530000000Z,public,post 12,3576578986703883,3575196306681856
2024-01-16T13:26:57.530000000Z,public,post 13,3576578986703884,3575196306681856
2024-01-16T13:26:57.530000000Z,public,post 14,3576578986703885,3575196306681856
2024-01-16T13:26:57.530000000Z,public,post 15,3576578986703886,3575196306681856
2024-01-16T13:26:57.530000000Z,public,post 16,3576578986703887,3575196306681856
2024-01-16T13:26:57.530000000Z,public,post 17,3576578986703888,3575196306681856
2024-01-16T13:26:57.530000000Z,public,post 18,3576578986703889,3575196306681856
2024-01-16T13:26:57.530000000Z,public,post 19,3576578986703890,3575196306681856
2024-01-16T13:26:57.530000000Z,public,post 20,3576578986703891,3575196306681856
2024-01-16T13:26:57.530000000Z,public,post 21,3576578986703892,3575196306681856
2024-01-16T13:26:57.530000000Z,public,post 22,3576578986703893,3575196306681856
2024-01-16T13:26:57.530000000Z,public,post 23,3576578986703894,3575196306681856
2024-01-16T13:26:57.530000000Z,public,post 24,3576578986703895,3575196306681856